Designator,Mid X,Mid Y,Rotation,Layer
E$50,170.403333,-85.42,180.0,bottom
E$51,178.846667,-85.42,180.0,bottom
E$53,178.715,-92.15,180.0,bottom
E$54,162.65,-85.375,180.0,bottom
E$59,187.175,-85.375,180.0,bottom
